"Project","Decompiler","Class","isDecompilable","distanceToOriginal","isRecompilable","passTests"
"commons-codec","CFR-0.141-report.csv","org/apache/commons/codec/Charsets",TRUE,28,TRUE,TRUE
"commons-codec","CFR-0.141-report.csv","org/apache/commons/codec/net/PercentCodec",TRUE,223,TRUE,TRUE
"commons-codec","CFR-0.141-report.csv","org/apache/commons/codec/net/RFC1522Codec",TRUE,37,TRUE,TRUE
"commons-codec","CFR-0.141-report.csv","org/apache/commons/codec/net/QuotedPrintableCodec",TRUE,259,TRUE,TRUE
"commons-codec","CFR-0.141-report.csv","org/apache/commons/codec/net/URLCodec",TRUE,211,TRUE,TRUE
"commons-codec","CFR-0.141-report.csv","org/apache/commons/codec/net/QCodec",TRUE,207,FALSE,FALSE
"commons-codec","CFR-0.141-report.csv","org/apache/commons/codec/net/BCodec",TRUE,48,TRUE,TRUE
"commons-codec","CFR-0.141-report.csv","org/apache/commons/codec/net/Utils",TRUE,18,TRUE,TRUE
"commons-codec","CFR-0.141-report.csv","org/apache/commons/codec/digest/Crypt",TRUE,36,TRUE,TRUE
"commons-codec","CFR-0.141-report.csv","org/apache/commons/codec/digest/HmacUtils",TRUE,174,TRUE,TRUE
"commons-codec","CFR-0.141-report.csv","org/apache/commons/codec/digest/HmacAlgorithms",TRUE,8,TRUE,TRUE
"commons-codec","CFR-0.141-report.csv","org/apache/commons/codec/digest/DigestUtils",TRUE,201,TRUE,TRUE
"commons-codec","CFR-0.141-report.csv","org/apache/commons/codec/digest/UnixCrypt",TRUE,232,TRUE,TRUE
"commons-codec","CFR-0.141-report.csv","org/apache/commons/codec/digest/PureJavaCrc32",TRUE,5263,TRUE,TRUE
"commons-codec","CFR-0.141-report.csv","org/apache/commons/codec/digest/PureJavaCrc32C",TRUE,5404,TRUE,TRUE
"commons-codec","CFR-0.141-report.csv","org/apache/commons/codec/digest/Sha2Crypt",TRUE,106,TRUE,TRUE
"commons-codec","CFR-0.141-report.csv","org/apache/commons/codec/digest/MessageDigestAlgorithms",TRUE,0,TRUE,TRUE
"commons-codec","CFR-0.141-report.csv","org/apache/commons/codec/digest/Md5Crypt",TRUE,73,TRUE,TRUE
"commons-codec","CFR-0.141-report.csv","org/apache/commons/codec/digest/XXHash32",TRUE,308,TRUE,TRUE
"commons-codec","CFR-0.141-report.csv","org/apache/commons/codec/digest/B64",TRUE,12,TRUE,TRUE
"commons-codec","CFR-0.141-report.csv","org/apache/commons/codec/DecoderException",TRUE,5,TRUE,TRUE
"commons-codec","CFR-0.141-report.csv","org/apache/commons/codec/binary/BaseNCodec",TRUE,309,FALSE,FALSE
"commons-codec","CFR-0.141-report.csv","org/apache/commons/codec/binary/StringUtils",TRUE,29,TRUE,TRUE
"commons-codec","CFR-0.141-report.csv","org/apache/commons/codec/binary/Base32InputStream",TRUE,7,TRUE,TRUE
"commons-codec","CFR-0.141-report.csv","org/apache/commons/codec/binary/BaseNCodecInputStream",TRUE,135,TRUE,TRUE
"commons-codec","CFR-0.141-report.csv","org/apache/commons/codec/binary/Base64OutputStream",TRUE,7,TRUE,TRUE
"commons-codec","CFR-0.141-report.csv","org/apache/commons/codec/binary/Base64",TRUE,511,TRUE,TRUE
"commons-codec","CFR-0.141-report.csv","org/apache/commons/codec/binary/BaseNCodecOutputStream",TRUE,149,TRUE,TRUE
"commons-codec","CFR-0.141-report.csv","org/apache/commons/codec/binary/Hex",TRUE,110,TRUE,FALSE
"commons-codec","CFR-0.141-report.csv","org/apache/commons/codec/binary/BinaryCodec",TRUE,182,FALSE,FALSE
"commons-codec","CFR-0.141-report.csv","org/apache/commons/codec/binary/Base32",TRUE,645,FALSE,FALSE
"commons-codec","CFR-0.141-report.csv","org/apache/commons/codec/binary/Base64InputStream",TRUE,7,TRUE,TRUE
"commons-codec","CFR-0.141-report.csv","org/apache/commons/codec/binary/Base32OutputStream",TRUE,7,TRUE,TRUE
"commons-codec","CFR-0.141-report.csv","org/apache/commons/codec/binary/CharSequenceUtils",TRUE,21,TRUE,TRUE
"commons-codec","CFR-0.141-report.csv","org/apache/commons/codec/BinaryEncoder",TRUE,1,TRUE,TRUE
"commons-codec","CFR-0.141-report.csv","org/apache/commons/codec/Encoder",TRUE,1,TRUE,TRUE
"commons-codec","CFR-0.141-report.csv","org/apache/commons/codec/StringEncoderComparator",TRUE,11,TRUE,TRUE
"commons-codec","CFR-0.141-report.csv","org/apache/commons/codec/cli/Digest",TRUE,146,TRUE,TRUE
"commons-codec","CFR-0.141-report.csv","org/apache/commons/codec/StringDecoder",TRUE,1,TRUE,TRUE
"commons-codec","CFR-0.141-report.csv","org/apache/commons/codec/CharEncoding",TRUE,0,TRUE,TRUE
"commons-codec","CFR-0.141-report.csv","org/apache/commons/codec/BinaryDecoder",TRUE,1,TRUE,TRUE
"commons-codec","CFR-0.141-report.csv","org/apache/commons/codec/EncoderException",TRUE,5,TRUE,TRUE
"commons-codec","CFR-0.141-report.csv","org/apache/commons/codec/language/AbstractCaverphone",TRUE,7,TRUE,TRUE
"commons-codec","CFR-0.141-report.csv","org/apache/commons/codec/language/Metaphone",TRUE,270,TRUE,TRUE
"commons-codec","CFR-0.141-report.csv","org/apache/commons/codec/language/bm/Languages",TRUE,311,TRUE,TRUE
"commons-codec","CFR-0.141-report.csv","org/apache/commons/codec/language/bm/NameType",TRUE,1,TRUE,TRUE
"commons-codec","CFR-0.141-report.csv","org/apache/commons/codec/language/bm/PhoneticEngine",TRUE,320,TRUE,TRUE
"commons-codec","CFR-0.141-report.csv","org/apache/commons/codec/language/bm/RuleType",TRUE,1,TRUE,TRUE
"commons-codec","CFR-0.141-report.csv","org/apache/commons/codec/language/bm/Rule",TRUE,613,FALSE,FALSE
"commons-codec","CFR-0.141-report.csv","org/apache/commons/codec/language/bm/ResourceConstants",TRUE,5,TRUE,TRUE
"commons-codec","CFR-0.141-report.csv","org/apache/commons/codec/language/bm/Lang",TRUE,119,TRUE,TRUE
"commons-codec","CFR-0.141-report.csv","org/apache/commons/codec/language/bm/BeiderMorseEncoder",TRUE,9,TRUE,TRUE
"commons-codec","CFR-0.141-report.csv","org/apache/commons/codec/language/Caverphone1",TRUE,1,TRUE,TRUE
"commons-codec","CFR-0.141-report.csv","org/apache/commons/codec/language/DaitchMokotoffSoundex",TRUE,739,FALSE,FALSE
"commons-codec","CFR-0.141-report.csv","org/apache/commons/codec/language/Caverphone2",TRUE,1,TRUE,TRUE
"commons-codec","CFR-0.141-report.csv","org/apache/commons/codec/language/RefinedSoundex",TRUE,48,TRUE,TRUE
"commons-codec","CFR-0.141-report.csv","org/apache/commons/codec/language/Nysiis",TRUE,73,TRUE,TRUE
"commons-codec","CFR-0.141-report.csv","org/apache/commons/codec/language/DoubleMetaphone",TRUE,3412,FALSE,FALSE
"commons-codec","CFR-0.141-report.csv","org/apache/commons/codec/language/SoundexUtils",TRUE,23,TRUE,TRUE
"commons-codec","CFR-0.141-report.csv","org/apache/commons/codec/language/Soundex",TRUE,71,TRUE,TRUE
"commons-codec","CFR-0.141-report.csv","org/apache/commons/codec/language/MatchRatingApproachEncoder",TRUE,254,TRUE,TRUE
"commons-codec","CFR-0.141-report.csv","org/apache/commons/codec/language/ColognePhonetic",TRUE,533,TRUE,TRUE
"commons-codec","CFR-0.141-report.csv","org/apache/commons/codec/language/Caverphone",TRUE,9,TRUE,TRUE
"commons-codec","CFR-0.141-report.csv","org/apache/commons/codec/StringEncoder",TRUE,1,TRUE,TRUE
"commons-codec","CFR-0.141-report.csv","org/apache/commons/codec/Decoder",TRUE,1,TRUE,TRUE
"commons-codec","Dava-3.3.0-report.csv","org/apache/commons/codec/Charsets",TRUE,140,TRUE,TRUE
"commons-codec","Dava-3.3.0-report.csv","org/apache/commons/codec/net/PercentCodec",TRUE,923,TRUE,TRUE
"commons-codec","Dava-3.3.0-report.csv","org/apache/commons/codec/net/RFC1522Codec",TRUE,363,TRUE,TRUE
"commons-codec","Dava-3.3.0-report.csv","org/apache/commons/codec/net/QuotedPrintableCodec",FALSE,0,FALSE,FALSE
"commons-codec","Dava-3.3.0-report.csv","org/apache/commons/codec/net/URLCodec",TRUE,776,TRUE,TRUE
"commons-codec","Dava-3.3.0-report.csv","org/apache/commons/codec/net/QCodec",TRUE,638,FALSE,FALSE
"commons-codec","Dava-3.3.0-report.csv","org/apache/commons/codec/net/BCodec",TRUE,312,FALSE,FALSE
"commons-codec","Dava-3.3.0-report.csv","org/apache/commons/codec/net/Utils",TRUE,62,TRUE,TRUE
"commons-codec","Dava-3.3.0-report.csv","org/apache/commons/codec/digest/Crypt",TRUE,97,TRUE,TRUE
"commons-codec","Dava-3.3.0-report.csv","org/apache/commons/codec/digest/HmacUtils",FALSE,0,FALSE,FALSE
"commons-codec","Dava-3.3.0-report.csv","org/apache/commons/codec/digest/HmacAlgorithms",TRUE,-2147483648,FALSE,FALSE
"commons-codec","Dava-3.3.0-report.csv","org/apache/commons/codec/digest/DigestUtils",FALSE,0,FALSE,FALSE
"commons-codec","Dava-3.3.0-report.csv","org/apache/commons/codec/digest/UnixCrypt",FALSE,0,FALSE,FALSE
"commons-codec","Dava-3.3.0-report.csv","org/apache/commons/codec/digest/PureJavaCrc32",TRUE,5874,TRUE,TRUE
"commons-codec","Dava-3.3.0-report.csv","org/apache/commons/codec/digest/PureJavaCrc32C",TRUE,5899,TRUE,TRUE
"commons-codec","Dava-3.3.0-report.csv","org/apache/commons/codec/digest/Sha2Crypt",FALSE,0,FALSE,FALSE
"commons-codec","Dava-3.3.0-report.csv","org/apache/commons/codec/digest/MessageDigestAlgorithms",TRUE,5,TRUE,TRUE
"commons-codec","Dava-3.3.0-report.csv","org/apache/commons/codec/digest/Md5Crypt",TRUE,696,TRUE,TRUE
"commons-codec","Dava-3.3.0-report.csv","org/apache/commons/codec/digest/XXHash32",TRUE,437,FALSE,FALSE
"commons-codec","Dava-3.3.0-report.csv","org/apache/commons/codec/digest/B64",TRUE,111,TRUE,TRUE
"commons-codec","Dava-3.3.0-report.csv","org/apache/commons/codec/DecoderException",TRUE,13,TRUE,TRUE
"commons-codec","Dava-3.3.0-report.csv","org/apache/commons/codec/binary/BaseNCodec",FALSE,0,FALSE,FALSE
"commons-codec","Dava-3.3.0-report.csv","org/apache/commons/codec/binary/StringUtils",TRUE,275,TRUE,TRUE
"commons-codec","Dava-3.3.0-report.csv","org/apache/commons/codec/binary/Base32InputStream",TRUE,21,TRUE,TRUE
"commons-codec","Dava-3.3.0-report.csv","org/apache/commons/codec/binary/BaseNCodecInputStream",TRUE,419,FALSE,FALSE
"commons-codec","Dava-3.3.0-report.csv","org/apache/commons/codec/binary/Base64OutputStream",TRUE,21,TRUE,TRUE
"commons-codec","Dava-3.3.0-report.csv","org/apache/commons/codec/binary/Base64",FALSE,0,FALSE,FALSE
"commons-codec","Dava-3.3.0-report.csv","org/apache/commons/codec/binary/BaseNCodecOutputStream",TRUE,196,FALSE,FALSE
"commons-codec","Dava-3.3.0-report.csv","org/apache/commons/codec/binary/Hex",TRUE,669,FALSE,FALSE
"commons-codec","Dava-3.3.0-report.csv","org/apache/commons/codec/binary/BinaryCodec",FALSE,0,FALSE,FALSE
"commons-codec","Dava-3.3.0-report.csv","org/apache/commons/codec/binary/Base32",TRUE,4087,FALSE,FALSE
"commons-codec","Dava-3.3.0-report.csv","org/apache/commons/codec/binary/Base64InputStream",TRUE,21,TRUE,TRUE
"commons-codec","Dava-3.3.0-report.csv","org/apache/commons/codec/binary/Base32OutputStream",TRUE,21,TRUE,TRUE
"commons-codec","Dava-3.3.0-report.csv","org/apache/commons/codec/binary/CharSequenceUtils",TRUE,146,TRUE,TRUE
"commons-codec","Dava-3.3.0-report.csv","org/apache/commons/codec/BinaryEncoder",TRUE,2,TRUE,TRUE
"commons-codec","Dava-3.3.0-report.csv","org/apache/commons/codec/Encoder",TRUE,2,TRUE,TRUE
"commons-codec","Dava-3.3.0-report.csv","org/apache/commons/codec/StringEncoderComparator",TRUE,65,TRUE,TRUE
"commons-codec","Dava-3.3.0-report.csv","org/apache/commons/codec/cli/Digest",FALSE,0,FALSE,FALSE
"commons-codec","Dava-3.3.0-report.csv","org/apache/commons/codec/StringDecoder",TRUE,2,TRUE,TRUE
"commons-codec","Dava-3.3.0-report.csv","org/apache/commons/codec/CharEncoding",TRUE,0,TRUE,TRUE
"commons-codec","Dava-3.3.0-report.csv","org/apache/commons/codec/BinaryDecoder",TRUE,2,TRUE,TRUE
"commons-codec","Dava-3.3.0-report.csv","org/apache/commons/codec/EncoderException",TRUE,13,TRUE,TRUE
"commons-codec","Dava-3.3.0-report.csv","org/apache/commons/codec/language/AbstractCaverphone",TRUE,29,TRUE,TRUE
"commons-codec","Dava-3.3.0-report.csv","org/apache/commons/codec/language/Metaphone",TRUE,1157,TRUE,FALSE
"commons-codec","Dava-3.3.0-report.csv","org/apache/commons/codec/language/bm/Languages",FALSE,0,FALSE,FALSE
"commons-codec","Dava-3.3.0-report.csv","org/apache/commons/codec/language/bm/NameType",TRUE,-2147483648,FALSE,FALSE
"commons-codec","Dava-3.3.0-report.csv","org/apache/commons/codec/language/bm/PhoneticEngine",TRUE,2243,FALSE,FALSE
"commons-codec","Dava-3.3.0-report.csv","org/apache/commons/codec/language/bm/RuleType",TRUE,-2147483648,FALSE,FALSE
"commons-codec","Dava-3.3.0-report.csv","org/apache/commons/codec/language/bm/Rule",FALSE,0,FALSE,FALSE
"commons-codec","Dava-3.3.0-report.csv","org/apache/commons/codec/language/bm/ResourceConstants",TRUE,5,TRUE,TRUE
"commons-codec","Dava-3.3.0-report.csv","org/apache/commons/codec/language/bm/Lang",FALSE,0,FALSE,FALSE
"commons-codec","Dava-3.3.0-report.csv","org/apache/commons/codec/language/bm/BeiderMorseEncoder",TRUE,312,TRUE,TRUE
"commons-codec","Dava-3.3.0-report.csv","org/apache/commons/codec/language/Caverphone1",TRUE,552,TRUE,TRUE
"commons-codec","Dava-3.3.0-report.csv","org/apache/commons/codec/language/DaitchMokotoffSoundex",FALSE,0,FALSE,FALSE
"commons-codec","Dava-3.3.0-report.csv","org/apache/commons/codec/language/Caverphone2",TRUE,579,TRUE,TRUE
"commons-codec","Dava-3.3.0-report.csv","org/apache/commons/codec/language/RefinedSoundex",TRUE,208,TRUE,TRUE
"commons-codec","Dava-3.3.0-report.csv","org/apache/commons/codec/language/Nysiis",TRUE,855,FALSE,FALSE
"commons-codec","Dava-3.3.0-report.csv","org/apache/commons/codec/language/DoubleMetaphone",TRUE,7610,FALSE,FALSE
"commons-codec","Dava-3.3.0-report.csv","org/apache/commons/codec/language/SoundexUtils",TRUE,214,TRUE,TRUE
"commons-codec","Dava-3.3.0-report.csv","org/apache/commons/codec/language/Soundex",TRUE,485,TRUE,TRUE
"commons-codec","Dava-3.3.0-report.csv","org/apache/commons/codec/language/MatchRatingApproachEncoder",TRUE,1075,TRUE,TRUE
"commons-codec","Dava-3.3.0-report.csv","org/apache/commons/codec/language/ColognePhonetic",TRUE,1038,FALSE,FALSE
"commons-codec","Dava-3.3.0-report.csv","org/apache/commons/codec/language/Caverphone",TRUE,42,TRUE,TRUE
"commons-codec","Dava-3.3.0-report.csv","org/apache/commons/codec/StringEncoder",TRUE,2,TRUE,TRUE
"commons-codec","Dava-3.3.0-report.csv","org/apache/commons/codec/Decoder",TRUE,2,TRUE,TRUE
"commons-codec","Fernflower-2.5.0.Final-report.csv","org/apache/commons/codec/Charsets",TRUE,28,TRUE,TRUE
"commons-codec","Fernflower-2.5.0.Final-report.csv","org/apache/commons/codec/net/PercentCodec",TRUE,343,TRUE,TRUE
"commons-codec","Fernflower-2.5.0.Final-report.csv","org/apache/commons/codec/net/RFC1522Codec",TRUE,179,TRUE,TRUE
"commons-codec","Fernflower-2.5.0.Final-report.csv","org/apache/commons/codec/net/QuotedPrintableCodec",TRUE,416,TRUE,TRUE
"commons-codec","Fernflower-2.5.0.Final-report.csv","org/apache/commons/codec/net/URLCodec",TRUE,279,TRUE,TRUE
"commons-codec","Fernflower-2.5.0.Final-report.csv","org/apache/commons/codec/net/QCodec",TRUE,287,TRUE,TRUE
"commons-codec","Fernflower-2.5.0.Final-report.csv","org/apache/commons/codec/net/BCodec",TRUE,99,TRUE,TRUE
"commons-codec","Fernflower-2.5.0.Final-report.csv","org/apache/commons/codec/net/Utils",TRUE,18,TRUE,TRUE
"commons-codec","Fernflower-2.5.0.Final-report.csv","org/apache/commons/codec/digest/Crypt",TRUE,54,TRUE,TRUE
"commons-codec","Fernflower-2.5.0.Final-report.csv","org/apache/commons/codec/digest/HmacUtils",TRUE,252,TRUE,TRUE
"commons-codec","Fernflower-2.5.0.Final-report.csv","org/apache/commons/codec/digest/HmacAlgorithms",TRUE,8,TRUE,TRUE
"commons-codec","Fernflower-2.5.0.Final-report.csv","org/apache/commons/codec/digest/DigestUtils",TRUE,268,TRUE,TRUE
"commons-codec","Fernflower-2.5.0.Final-report.csv","org/apache/commons/codec/digest/UnixCrypt",TRUE,295,TRUE,TRUE
"commons-codec","Fernflower-2.5.0.Final-report.csv","org/apache/commons/codec/digest/PureJavaCrc32",TRUE,5269,TRUE,TRUE
"commons-codec","Fernflower-2.5.0.Final-report.csv","org/apache/commons/codec/digest/PureJavaCrc32C",TRUE,5436,TRUE,TRUE
"commons-codec","Fernflower-2.5.0.Final-report.csv","org/apache/commons/codec/digest/Sha2Crypt",TRUE,329,TRUE,TRUE
"commons-codec","Fernflower-2.5.0.Final-report.csv","org/apache/commons/codec/digest/MessageDigestAlgorithms",TRUE,36,TRUE,TRUE
"commons-codec","Fernflower-2.5.0.Final-report.csv","org/apache/commons/codec/digest/Md5Crypt",TRUE,115,TRUE,TRUE
"commons-codec","Fernflower-2.5.0.Final-report.csv","org/apache/commons/codec/digest/XXHash32",TRUE,384,TRUE,TRUE
"commons-codec","Fernflower-2.5.0.Final-report.csv","org/apache/commons/codec/digest/B64",TRUE,29,TRUE,TRUE
"commons-codec","Fernflower-2.5.0.Final-report.csv","org/apache/commons/codec/DecoderException",TRUE,5,TRUE,TRUE
"commons-codec","Fernflower-2.5.0.Final-report.csv","org/apache/commons/codec/binary/BaseNCodec",TRUE,482,FALSE,FALSE
"commons-codec","Fernflower-2.5.0.Final-report.csv","org/apache/commons/codec/binary/StringUtils",TRUE,97,TRUE,TRUE
"commons-codec","Fernflower-2.5.0.Final-report.csv","org/apache/commons/codec/binary/Base32InputStream",TRUE,7,TRUE,TRUE
"commons-codec","Fernflower-2.5.0.Final-report.csv","org/apache/commons/codec/binary/BaseNCodecInputStream",TRUE,196,TRUE,TRUE
"commons-codec","Fernflower-2.5.0.Final-report.csv","org/apache/commons/codec/binary/Base64OutputStream",TRUE,7,TRUE,TRUE
"commons-codec","Fernflower-2.5.0.Final-report.csv","org/apache/commons/codec/binary/Base64",TRUE,581,TRUE,TRUE
"commons-codec","Fernflower-2.5.0.Final-report.csv","org/apache/commons/codec/binary/BaseNCodecOutputStream",TRUE,124,TRUE,TRUE
"commons-codec","Fernflower-2.5.0.Final-report.csv","org/apache/commons/codec/binary/Hex",TRUE,107,TRUE,TRUE
"commons-codec","Fernflower-2.5.0.Final-report.csv","org/apache/commons/codec/binary/BinaryCodec",TRUE,136,TRUE,TRUE
"commons-codec","Fernflower-2.5.0.Final-report.csv","org/apache/commons/codec/binary/Base32",TRUE,773,TRUE,TRUE
"commons-codec","Fernflower-2.5.0.Final-report.csv","org/apache/commons/codec/binary/Base64InputStream",TRUE,7,TRUE,TRUE
"commons-codec","Fernflower-2.5.0.Final-report.csv","org/apache/commons/codec/binary/Base32OutputStream",TRUE,7,TRUE,TRUE
"commons-codec","Fernflower-2.5.0.Final-report.csv","org/apache/commons/codec/binary/CharSequenceUtils",TRUE,18,TRUE,TRUE
"commons-codec","Fernflower-2.5.0.Final-report.csv","org/apache/commons/codec/BinaryEncoder",TRUE,1,TRUE,TRUE
"commons-codec","Fernflower-2.5.0.Final-report.csv","org/apache/commons/codec/Encoder",TRUE,1,TRUE,TRUE
"commons-codec","Fernflower-2.5.0.Final-report.csv","org/apache/commons/codec/StringEncoderComparator",TRUE,22,TRUE,TRUE
"commons-codec","Fernflower-2.5.0.Final-report.csv","org/apache/commons/codec/cli/Digest",TRUE,267,TRUE,TRUE
"commons-codec","Fernflower-2.5.0.Final-report.csv","org/apache/commons/codec/StringDecoder",TRUE,1,TRUE,TRUE
"commons-codec","Fernflower-2.5.0.Final-report.csv","org/apache/commons/codec/CharEncoding",TRUE,0,TRUE,TRUE
"commons-codec","Fernflower-2.5.0.Final-report.csv","org/apache/commons/codec/BinaryDecoder",TRUE,1,TRUE,TRUE
"commons-codec","Fernflower-2.5.0.Final-report.csv","org/apache/commons/codec/EncoderException",TRUE,5,TRUE,TRUE
"commons-codec","Fernflower-2.5.0.Final-report.csv","org/apache/commons/codec/language/AbstractCaverphone",TRUE,10,TRUE,TRUE
"commons-codec","Fernflower-2.5.0.Final-report.csv","org/apache/commons/codec/language/Metaphone",TRUE,421,TRUE,TRUE
"commons-codec","Fernflower-2.5.0.Final-report.csv","org/apache/commons/codec/language/bm/Languages",TRUE,524,FALSE,FALSE
"commons-codec","Fernflower-2.5.0.Final-report.csv","org/apache/commons/codec/language/bm/NameType",TRUE,1,TRUE,TRUE
"commons-codec","Fernflower-2.5.0.Final-report.csv","org/apache/commons/codec/language/bm/PhoneticEngine",TRUE,922,FALSE,FALSE
"commons-codec","Fernflower-2.5.0.Final-report.csv","org/apache/commons/codec/language/bm/RuleType",TRUE,1,TRUE,TRUE
"commons-codec","Fernflower-2.5.0.Final-report.csv","org/apache/commons/codec/language/bm/Rule",TRUE,1459,FALSE,FALSE
"commons-codec","Fernflower-2.5.0.Final-report.csv","org/apache/commons/codec/language/bm/ResourceConstants",TRUE,3,TRUE,TRUE
"commons-codec","Fernflower-2.5.0.Final-report.csv","org/apache/commons/codec/language/bm/Lang",TRUE,294,FALSE,FALSE
"commons-codec","Fernflower-2.5.0.Final-report.csv","org/apache/commons/codec/language/bm/BeiderMorseEncoder",TRUE,34,TRUE,TRUE
"commons-codec","Fernflower-2.5.0.Final-report.csv","org/apache/commons/codec/language/Caverphone1",TRUE,96,TRUE,TRUE
"commons-codec","Fernflower-2.5.0.Final-report.csv","org/apache/commons/codec/language/DaitchMokotoffSoundex",TRUE,1101,FALSE,FALSE
"commons-codec","Fernflower-2.5.0.Final-report.csv","org/apache/commons/codec/language/Caverphone2",TRUE,99,TRUE,TRUE
"commons-codec","Fernflower-2.5.0.Final-report.csv","org/apache/commons/codec/language/RefinedSoundex",TRUE,85,TRUE,TRUE
"commons-codec","Fernflower-2.5.0.Final-report.csv","org/apache/commons/codec/language/Nysiis",TRUE,244,TRUE,TRUE
"commons-codec","Fernflower-2.5.0.Final-report.csv","org/apache/commons/codec/language/DoubleMetaphone",TRUE,5206,FALSE,FALSE
"commons-codec","Fernflower-2.5.0.Final-report.csv","org/apache/commons/codec/language/SoundexUtils",TRUE,46,TRUE,TRUE
"commons-codec","Fernflower-2.5.0.Final-report.csv","org/apache/commons/codec/language/Soundex",TRUE,182,TRUE,TRUE
"commons-codec","Fernflower-2.5.0.Final-report.csv","org/apache/commons/codec/language/MatchRatingApproachEncoder",TRUE,563,TRUE,TRUE
"commons-codec","Fernflower-2.5.0.Final-report.csv","org/apache/commons/codec/language/ColognePhonetic",TRUE,534,FALSE,FALSE
"commons-codec","Fernflower-2.5.0.Final-report.csv","org/apache/commons/codec/language/Caverphone",TRUE,13,TRUE,TRUE
"commons-codec","Fernflower-2.5.0.Final-report.csv","org/apache/commons/codec/StringEncoder",TRUE,1,TRUE,TRUE
"commons-codec","Fernflower-2.5.0.Final-report.csv","org/apache/commons/codec/Decoder",TRUE,1,TRUE,TRUE
"commons-codec","JD-GUI-1.4.1-report.csv","org/apache/commons/codec/Charsets",TRUE,23,TRUE,TRUE
"commons-codec","JD-GUI-1.4.1-report.csv","org/apache/commons/codec/net/PercentCodec",TRUE,82,TRUE,TRUE
"commons-codec","JD-GUI-1.4.1-report.csv","org/apache/commons/codec/net/RFC1522Codec",TRUE,52,TRUE,TRUE
"commons-codec","JD-GUI-1.4.1-report.csv","org/apache/commons/codec/net/QuotedPrintableCodec",TRUE,238,FALSE,FALSE
"commons-codec","JD-GUI-1.4.1-report.csv","org/apache/commons/codec/net/URLCodec",TRUE,122,TRUE,TRUE
"commons-codec","JD-GUI-1.4.1-report.csv","org/apache/commons/codec/net/QCodec",TRUE,132,TRUE,TRUE
"commons-codec","JD-GUI-1.4.1-report.csv","org/apache/commons/codec/net/BCodec",TRUE,60,TRUE,TRUE
"commons-codec","JD-GUI-1.4.1-report.csv","org/apache/commons/codec/net/Utils",TRUE,16,TRUE,TRUE
"commons-codec","JD-GUI-1.4.1-report.csv","org/apache/commons/codec/digest/Crypt",TRUE,36,TRUE,TRUE
"commons-codec","JD-GUI-1.4.1-report.csv","org/apache/commons/codec/digest/HmacUtils",TRUE,169,TRUE,TRUE
"commons-codec","JD-GUI-1.4.1-report.csv","org/apache/commons/codec/digest/HmacAlgorithms",TRUE,5,TRUE,TRUE
"commons-codec","JD-GUI-1.4.1-report.csv","org/apache/commons/codec/digest/DigestUtils",TRUE,207,TRUE,TRUE
"commons-codec","JD-GUI-1.4.1-report.csv","org/apache/commons/codec/digest/UnixCrypt",TRUE,157,FALSE,FALSE
"commons-codec","JD-GUI-1.4.1-report.csv","org/apache/commons/codec/digest/PureJavaCrc32",TRUE,5185,TRUE,FALSE
"commons-codec","JD-GUI-1.4.1-report.csv","org/apache/commons/codec/digest/PureJavaCrc32C",TRUE,5355,FALSE,FALSE
"commons-codec","JD-GUI-1.4.1-report.csv","org/apache/commons/codec/digest/Sha2Crypt",TRUE,86,TRUE,TRUE
"commons-codec","JD-GUI-1.4.1-report.csv","org/apache/commons/codec/digest/MessageDigestAlgorithms",TRUE,36,TRUE,TRUE
"commons-codec","JD-GUI-1.4.1-report.csv","org/apache/commons/codec/digest/Md5Crypt",TRUE,69,FALSE,FALSE
"commons-codec","JD-GUI-1.4.1-report.csv","org/apache/commons/codec/digest/XXHash32",TRUE,141,FALSE,FALSE
"commons-codec","JD-GUI-1.4.1-report.csv","org/apache/commons/codec/digest/B64",TRUE,18,TRUE,TRUE
"commons-codec","JD-GUI-1.4.1-report.csv","org/apache/commons/codec/DecoderException",TRUE,5,TRUE,TRUE
"commons-codec","JD-GUI-1.4.1-report.csv","org/apache/commons/codec/binary/BaseNCodec",TRUE,234,FALSE,FALSE
"commons-codec","JD-GUI-1.4.1-report.csv","org/apache/commons/codec/binary/StringUtils",TRUE,29,TRUE,TRUE
"commons-codec","JD-GUI-1.4.1-report.csv","org/apache/commons/codec/binary/Base32InputStream",TRUE,7,TRUE,TRUE
"commons-codec","JD-GUI-1.4.1-report.csv","org/apache/commons/codec/binary/BaseNCodecInputStream",TRUE,58,TRUE,TRUE
"commons-codec","JD-GUI-1.4.1-report.csv","org/apache/commons/codec/binary/Base64OutputStream",TRUE,7,TRUE,TRUE
"commons-codec","JD-GUI-1.4.1-report.csv","org/apache/commons/codec/binary/Base64",TRUE,388,FALSE,FALSE
"commons-codec","JD-GUI-1.4.1-report.csv","org/apache/commons/codec/binary/BaseNCodecOutputStream",TRUE,46,TRUE,TRUE
"commons-codec","JD-GUI-1.4.1-report.csv","org/apache/commons/codec/binary/Hex",TRUE,102,FALSE,FALSE
"commons-codec","JD-GUI-1.4.1-report.csv","org/apache/commons/codec/binary/BinaryCodec",TRUE,100,TRUE,TRUE
"commons-codec","JD-GUI-1.4.1-report.csv","org/apache/commons/codec/binary/Base32",TRUE,518,FALSE,FALSE
"commons-codec","JD-GUI-1.4.1-report.csv","org/apache/commons/codec/binary/Base64InputStream",TRUE,7,TRUE,TRUE
"commons-codec","JD-GUI-1.4.1-report.csv","org/apache/commons/codec/binary/Base32OutputStream",TRUE,7,TRUE,TRUE
"commons-codec","JD-GUI-1.4.1-report.csv","org/apache/commons/codec/binary/CharSequenceUtils",TRUE,12,TRUE,TRUE
"commons-codec","JD-GUI-1.4.1-report.csv","org/apache/commons/codec/BinaryEncoder",TRUE,2,TRUE,TRUE
"commons-codec","JD-GUI-1.4.1-report.csv","org/apache/commons/codec/Encoder",TRUE,2,TRUE,TRUE
"commons-codec","JD-GUI-1.4.1-report.csv","org/apache/commons/codec/StringEncoderComparator",TRUE,20,TRUE,TRUE
"commons-codec","JD-GUI-1.4.1-report.csv","org/apache/commons/codec/cli/Digest",TRUE,29,TRUE,TRUE
"commons-codec","JD-GUI-1.4.1-report.csv","org/apache/commons/codec/StringDecoder",TRUE,2,TRUE,TRUE
"commons-codec","JD-GUI-1.4.1-report.csv","org/apache/commons/codec/CharEncoding",TRUE,0,TRUE,TRUE
"commons-codec","JD-GUI-1.4.1-report.csv","org/apache/commons/codec/BinaryDecoder",TRUE,2,TRUE,TRUE
"commons-codec","JD-GUI-1.4.1-report.csv","org/apache/commons/codec/EncoderException",TRUE,5,TRUE,TRUE
"commons-codec","JD-GUI-1.4.1-report.csv","org/apache/commons/codec/language/AbstractCaverphone",TRUE,17,TRUE,TRUE
"commons-codec","JD-GUI-1.4.1-report.csv","org/apache/commons/codec/language/Metaphone",TRUE,181,FALSE,FALSE
"commons-codec","JD-GUI-1.4.1-report.csv","org/apache/commons/codec/language/bm/Languages",TRUE,503,FALSE,FALSE
"commons-codec","JD-GUI-1.4.1-report.csv","org/apache/commons/codec/language/bm/NameType",TRUE,4,TRUE,TRUE
"commons-codec","JD-GUI-1.4.1-report.csv","org/apache/commons/codec/language/bm/PhoneticEngine",TRUE,705,FALSE,FALSE
"commons-codec","JD-GUI-1.4.1-report.csv","org/apache/commons/codec/language/bm/RuleType",TRUE,4,TRUE,TRUE
"commons-codec","JD-GUI-1.4.1-report.csv","org/apache/commons/codec/language/bm/Rule",TRUE,1053,FALSE,FALSE
"commons-codec","JD-GUI-1.4.1-report.csv","org/apache/commons/codec/language/bm/ResourceConstants",TRUE,3,TRUE,TRUE
"commons-codec","JD-GUI-1.4.1-report.csv","org/apache/commons/codec/language/bm/Lang",TRUE,207,TRUE,TRUE
"commons-codec","JD-GUI-1.4.1-report.csv","org/apache/commons/codec/language/bm/BeiderMorseEncoder",TRUE,75,TRUE,TRUE
"commons-codec","JD-GUI-1.4.1-report.csv","org/apache/commons/codec/language/Caverphone1",TRUE,11,TRUE,TRUE
"commons-codec","JD-GUI-1.4.1-report.csv","org/apache/commons/codec/language/DaitchMokotoffSoundex",TRUE,722,FALSE,FALSE
"commons-codec","JD-GUI-1.4.1-report.csv","org/apache/commons/codec/language/Caverphone2",TRUE,11,TRUE,TRUE
"commons-codec","JD-GUI-1.4.1-report.csv","org/apache/commons/codec/language/RefinedSoundex",TRUE,47,TRUE,TRUE
"commons-codec","JD-GUI-1.4.1-report.csv","org/apache/commons/codec/language/Nysiis",TRUE,53,TRUE,TRUE
"commons-codec","JD-GUI-1.4.1-report.csv","org/apache/commons/codec/language/DoubleMetaphone",TRUE,4153,FALSE,FALSE
"commons-codec","JD-GUI-1.4.1-report.csv","org/apache/commons/codec/language/SoundexUtils",TRUE,9,TRUE,TRUE
"commons-codec","JD-GUI-1.4.1-report.csv","org/apache/commons/codec/language/Soundex",TRUE,101,TRUE,TRUE
"commons-codec","JD-GUI-1.4.1-report.csv","org/apache/commons/codec/language/MatchRatingApproachEncoder",TRUE,190,TRUE,TRUE
"commons-codec","JD-GUI-1.4.1-report.csv","org/apache/commons/codec/language/ColognePhonetic",TRUE,365,FALSE,FALSE
"commons-codec","JD-GUI-1.4.1-report.csv","org/apache/commons/codec/language/Caverphone",TRUE,28,TRUE,TRUE
"commons-codec","JD-GUI-1.4.1-report.csv","org/apache/commons/codec/StringEncoder",TRUE,2,TRUE,TRUE
"commons-codec","JD-GUI-1.4.1-report.csv","org/apache/commons/codec/Decoder",TRUE,2,TRUE,TRUE
"commons-codec","Jode-1.1.2-pre1-report.csv","org/apache/commons/codec/Charsets",TRUE,28,TRUE,TRUE
"commons-codec","Jode-1.1.2-pre1-report.csv","org/apache/commons/codec/net/PercentCodec",TRUE,286,TRUE,TRUE
"commons-codec","Jode-1.1.2-pre1-report.csv","org/apache/commons/codec/net/RFC1522Codec",TRUE,65,TRUE,TRUE
"commons-codec","Jode-1.1.2-pre1-report.csv","org/apache/commons/codec/net/QuotedPrintableCodec",TRUE,323,FALSE,FALSE
"commons-codec","Jode-1.1.2-pre1-report.csv","org/apache/commons/codec/net/URLCodec",TRUE,236,TRUE,TRUE
"commons-codec","Jode-1.1.2-pre1-report.csv","org/apache/commons/codec/net/QCodec",TRUE,244,TRUE,TRUE
"commons-codec","Jode-1.1.2-pre1-report.csv","org/apache/commons/codec/net/BCodec",TRUE,111,TRUE,TRUE
"commons-codec","Jode-1.1.2-pre1-report.csv","org/apache/commons/codec/net/Utils",TRUE,23,TRUE,TRUE
"commons-codec","Jode-1.1.2-pre1-report.csv","org/apache/commons/codec/digest/Crypt",TRUE,36,TRUE,TRUE
"commons-codec","Jode-1.1.2-pre1-report.csv","org/apache/commons/codec/digest/HmacUtils",TRUE,1211,TRUE,FALSE
"commons-codec","Jode-1.1.2-pre1-report.csv","org/apache/commons/codec/digest/HmacAlgorithms",TRUE,77,FALSE,FALSE
"commons-codec","Jode-1.1.2-pre1-report.csv","org/apache/commons/codec/digest/DigestUtils",TRUE,1580,FALSE,FALSE
"commons-codec","Jode-1.1.2-pre1-report.csv","org/apache/commons/codec/digest/UnixCrypt",TRUE,168,TRUE,TRUE
"commons-codec","Jode-1.1.2-pre1-report.csv","org/apache/commons/codec/digest/PureJavaCrc32",TRUE,5173,TRUE,TRUE
"commons-codec","Jode-1.1.2-pre1-report.csv","org/apache/commons/codec/digest/PureJavaCrc32C",TRUE,5352,TRUE,TRUE
"commons-codec","Jode-1.1.2-pre1-report.csv","org/apache/commons/codec/digest/Sha2Crypt",TRUE,152,TRUE,TRUE
"commons-codec","Jode-1.1.2-pre1-report.csv","org/apache/commons/codec/digest/MessageDigestAlgorithms",TRUE,33,TRUE,TRUE
"commons-codec","Jode-1.1.2-pre1-report.csv","org/apache/commons/codec/digest/Md5Crypt",TRUE,150,TRUE,TRUE
"commons-codec","Jode-1.1.2-pre1-report.csv","org/apache/commons/codec/digest/XXHash32",TRUE,175,TRUE,TRUE
"commons-codec","Jode-1.1.2-pre1-report.csv","org/apache/commons/codec/digest/B64",TRUE,18,TRUE,TRUE
"commons-codec","Jode-1.1.2-pre1-report.csv","org/apache/commons/codec/DecoderException",TRUE,5,TRUE,TRUE
"commons-codec","Jode-1.1.2-pre1-report.csv","org/apache/commons/codec/binary/BaseNCodec",TRUE,207,TRUE,TRUE
"commons-codec","Jode-1.1.2-pre1-report.csv","org/apache/commons/codec/binary/StringUtils",TRUE,60,TRUE,TRUE
"commons-codec","Jode-1.1.2-pre1-report.csv","org/apache/commons/codec/binary/Base32InputStream",TRUE,7,TRUE,TRUE
"commons-codec","Jode-1.1.2-pre1-report.csv","org/apache/commons/codec/binary/BaseNCodecInputStream",TRUE,123,TRUE,TRUE
"commons-codec","Jode-1.1.2-pre1-report.csv","org/apache/commons/codec/binary/Base64OutputStream",TRUE,7,TRUE,TRUE
"commons-codec","Jode-1.1.2-pre1-report.csv","org/apache/commons/codec/binary/Base64",TRUE,387,TRUE,TRUE
"commons-codec","Jode-1.1.2-pre1-report.csv","org/apache/commons/codec/binary/BaseNCodecOutputStream",TRUE,46,TRUE,TRUE
"commons-codec","Jode-1.1.2-pre1-report.csv","org/apache/commons/codec/binary/Hex",TRUE,146,TRUE,TRUE
"commons-codec","Jode-1.1.2-pre1-report.csv","org/apache/commons/codec/binary/BinaryCodec",TRUE,92,TRUE,TRUE
"commons-codec","Jode-1.1.2-pre1-report.csv","org/apache/commons/codec/binary/Base32",TRUE,415,TRUE,TRUE
"commons-codec","Jode-1.1.2-pre1-report.csv","org/apache/commons/codec/binary/Base64InputStream",TRUE,7,TRUE,TRUE
"commons-codec","Jode-1.1.2-pre1-report.csv","org/apache/commons/codec/binary/Base32OutputStream",TRUE,7,TRUE,TRUE
"commons-codec","Jode-1.1.2-pre1-report.csv","org/apache/commons/codec/binary/CharSequenceUtils",TRUE,12,TRUE,TRUE
"commons-codec","Jode-1.1.2-pre1-report.csv","org/apache/commons/codec/BinaryEncoder",TRUE,1,TRUE,TRUE
"commons-codec","Jode-1.1.2-pre1-report.csv","org/apache/commons/codec/Encoder",TRUE,1,TRUE,TRUE
"commons-codec","Jode-1.1.2-pre1-report.csv","org/apache/commons/codec/StringEncoderComparator",TRUE,21,TRUE,TRUE
"commons-codec","Jode-1.1.2-pre1-report.csv","org/apache/commons/codec/cli/Digest",TRUE,386,TRUE,TRUE
"commons-codec","Jode-1.1.2-pre1-report.csv","org/apache/commons/codec/StringDecoder",TRUE,1,TRUE,TRUE
"commons-codec","Jode-1.1.2-pre1-report.csv","org/apache/commons/codec/CharEncoding",TRUE,0,TRUE,TRUE
"commons-codec","Jode-1.1.2-pre1-report.csv","org/apache/commons/codec/BinaryDecoder",TRUE,1,TRUE,TRUE
"commons-codec","Jode-1.1.2-pre1-report.csv","org/apache/commons/codec/EncoderException",TRUE,5,TRUE,TRUE
"commons-codec","Jode-1.1.2-pre1-report.csv","org/apache/commons/codec/language/AbstractCaverphone",TRUE,8,TRUE,TRUE
"commons-codec","Jode-1.1.2-pre1-report.csv","org/apache/commons/codec/language/Metaphone",TRUE,169,TRUE,TRUE
"commons-codec","Jode-1.1.2-pre1-report.csv","org/apache/commons/codec/language/bm/Languages",TRUE,601,FALSE,FALSE
"commons-codec","Jode-1.1.2-pre1-report.csv","org/apache/commons/codec/language/bm/NameType",TRUE,49,FALSE,FALSE
"commons-codec","Jode-1.1.2-pre1-report.csv","org/apache/commons/codec/language/bm/PhoneticEngine",TRUE,1175,FALSE,FALSE
"commons-codec","Jode-1.1.2-pre1-report.csv","org/apache/commons/codec/language/bm/RuleType",TRUE,49,FALSE,FALSE
"commons-codec","Jode-1.1.2-pre1-report.csv","org/apache/commons/codec/language/bm/Rule",TRUE,1952,FALSE,FALSE
"commons-codec","Jode-1.1.2-pre1-report.csv","org/apache/commons/codec/language/bm/ResourceConstants",TRUE,3,TRUE,TRUE
"commons-codec","Jode-1.1.2-pre1-report.csv","org/apache/commons/codec/language/bm/Lang",TRUE,427,TRUE,TRUE
"commons-codec","Jode-1.1.2-pre1-report.csv","org/apache/commons/codec/language/bm/BeiderMorseEncoder",TRUE,75,TRUE,TRUE
"commons-codec","Jode-1.1.2-pre1-report.csv","org/apache/commons/codec/language/Caverphone1",TRUE,18,TRUE,TRUE
"commons-codec","Jode-1.1.2-pre1-report.csv","org/apache/commons/codec/language/DaitchMokotoffSoundex",TRUE,1251,TRUE,FALSE
"commons-codec","Jode-1.1.2-pre1-report.csv","org/apache/commons/codec/language/Caverphone2",TRUE,18,TRUE,TRUE
"commons-codec","Jode-1.1.2-pre1-report.csv","org/apache/commons/codec/language/RefinedSoundex",TRUE,47,TRUE,TRUE
"commons-codec","Jode-1.1.2-pre1-report.csv","org/apache/commons/codec/language/Nysiis",TRUE,53,TRUE,TRUE
"commons-codec","Jode-1.1.2-pre1-report.csv","org/apache/commons/codec/language/DoubleMetaphone",TRUE,3572,TRUE,FALSE
"commons-codec","Jode-1.1.2-pre1-report.csv","org/apache/commons/codec/language/SoundexUtils",TRUE,9,TRUE,TRUE
"commons-codec","Jode-1.1.2-pre1-report.csv","org/apache/commons/codec/language/Soundex",TRUE,156,TRUE,TRUE
"commons-codec","Jode-1.1.2-pre1-report.csv","org/apache/commons/codec/language/MatchRatingApproachEncoder",TRUE,278,TRUE,TRUE
"commons-codec","Jode-1.1.2-pre1-report.csv","org/apache/commons/codec/language/ColognePhonetic",TRUE,831,TRUE,FALSE
"commons-codec","Jode-1.1.2-pre1-report.csv","org/apache/commons/codec/language/Caverphone",TRUE,29,TRUE,TRUE
"commons-codec","Jode-1.1.2-pre1-report.csv","org/apache/commons/codec/StringEncoder",TRUE,1,TRUE,TRUE
"commons-codec","Jode-1.1.2-pre1-report.csv","org/apache/commons/codec/Decoder",TRUE,1,TRUE,TRUE
"commons-codec","Krakatau-report.csv","org/apache/commons/codec/Charsets",TRUE,115,TRUE,TRUE
"commons-codec","Krakatau-report.csv","org/apache/commons/codec/net/PercentCodec",TRUE,904,FALSE,FALSE
"commons-codec","Krakatau-report.csv","org/apache/commons/codec/net/RFC1522Codec",TRUE,263,FALSE,FALSE
"commons-codec","Krakatau-report.csv","org/apache/commons/codec/net/QuotedPrintableCodec",TRUE,985,FALSE,FALSE
"commons-codec","Krakatau-report.csv","org/apache/commons/codec/net/URLCodec",TRUE,614,FALSE,FALSE
"commons-codec","Krakatau-report.csv","org/apache/commons/codec/net/QCodec",TRUE,589,FALSE,FALSE
"commons-codec","Krakatau-report.csv","org/apache/commons/codec/net/BCodec",TRUE,252,FALSE,FALSE
"commons-codec","Krakatau-report.csv","org/apache/commons/codec/net/Utils",TRUE,59,FALSE,FALSE
"commons-codec","Krakatau-report.csv","org/apache/commons/codec/digest/Crypt",TRUE,73,TRUE,TRUE
"commons-codec","Krakatau-report.csv","org/apache/commons/codec/digest/HmacUtils",FALSE,0,FALSE,FALSE
"commons-codec","Krakatau-report.csv","org/apache/commons/codec/digest/HmacAlgorithms",TRUE,228,FALSE,FALSE
"commons-codec","Krakatau-report.csv","org/apache/commons/codec/digest/DigestUtils",TRUE,2382,FALSE,FALSE
"commons-codec","Krakatau-report.csv","org/apache/commons/codec/digest/UnixCrypt",TRUE,10224,FALSE,FALSE
"commons-codec","Krakatau-report.csv","org/apache/commons/codec/digest/PureJavaCrc32",TRUE,14215,TRUE,TRUE
"commons-codec","Krakatau-report.csv","org/apache/commons/codec/digest/PureJavaCrc32C",TRUE,14332,TRUE,TRUE
"commons-codec","Krakatau-report.csv","org/apache/commons/codec/digest/Sha2Crypt",TRUE,2482,TRUE,TRUE
"commons-codec","Krakatau-report.csv","org/apache/commons/codec/digest/MessageDigestAlgorithms",TRUE,84,TRUE,TRUE
"commons-codec","Krakatau-report.csv","org/apache/commons/codec/digest/Md5Crypt",TRUE,593,TRUE,TRUE
"commons-codec","Krakatau-report.csv","org/apache/commons/codec/digest/XXHash32",TRUE,665,TRUE,FALSE
"commons-codec","Krakatau-report.csv","org/apache/commons/codec/digest/B64",TRUE,154,TRUE,TRUE
"commons-codec","Krakatau-report.csv","org/apache/commons/codec/DecoderException",TRUE,13,TRUE,TRUE
"commons-codec","Krakatau-report.csv","org/apache/commons/codec/binary/BaseNCodec",TRUE,790,FALSE,FALSE
"commons-codec","Krakatau-report.csv","org/apache/commons/codec/binary/StringUtils",TRUE,263,TRUE,TRUE
"commons-codec","Krakatau-report.csv","org/apache/commons/codec/binary/Base32InputStream",TRUE,21,TRUE,TRUE
"commons-codec","Krakatau-report.csv","org/apache/commons/codec/binary/BaseNCodecInputStream",TRUE,273,FALSE,FALSE
"commons-codec","Krakatau-report.csv","org/apache/commons/codec/binary/Base64OutputStream",TRUE,21,TRUE,TRUE
"commons-codec","Krakatau-report.csv","org/apache/commons/codec/binary/Base64",TRUE,4163,FALSE,FALSE
"commons-codec","Krakatau-report.csv","org/apache/commons/codec/binary/BaseNCodecOutputStream",TRUE,205,FALSE,FALSE
"commons-codec","Krakatau-report.csv","org/apache/commons/codec/binary/Hex",TRUE,646,FALSE,FALSE
"commons-codec","Krakatau-report.csv","org/apache/commons/codec/binary/BinaryCodec",TRUE,556,FALSE,FALSE
"commons-codec","Krakatau-report.csv","org/apache/commons/codec/binary/Base32",TRUE,5358,FALSE,FALSE
"commons-codec","Krakatau-report.csv","org/apache/commons/codec/binary/Base64InputStream",TRUE,21,TRUE,TRUE
"commons-codec","Krakatau-report.csv","org/apache/commons/codec/binary/Base32OutputStream",TRUE,21,TRUE,TRUE
"commons-codec","Krakatau-report.csv","org/apache/commons/codec/binary/CharSequenceUtils",TRUE,157,TRUE,TRUE
"commons-codec","Krakatau-report.csv","org/apache/commons/codec/BinaryEncoder",TRUE,3,FALSE,FALSE
"commons-codec","Krakatau-report.csv","org/apache/commons/codec/Encoder",TRUE,3,FALSE,FALSE
"commons-codec","Krakatau-report.csv","org/apache/commons/codec/StringEncoderComparator",TRUE,33,TRUE,TRUE
"commons-codec","Krakatau-report.csv","org/apache/commons/codec/cli/Digest",TRUE,415,FALSE,FALSE
"commons-codec","Krakatau-report.csv","org/apache/commons/codec/StringDecoder",TRUE,3,FALSE,FALSE
"commons-codec","Krakatau-report.csv","org/apache/commons/codec/CharEncoding",TRUE,3,TRUE,TRUE
"commons-codec","Krakatau-report.csv","org/apache/commons/codec/BinaryDecoder",TRUE,3,FALSE,FALSE
"commons-codec","Krakatau-report.csv","org/apache/commons/codec/EncoderException",TRUE,13,TRUE,TRUE
"commons-codec","Krakatau-report.csv","org/apache/commons/codec/language/AbstractCaverphone",TRUE,15,FALSE,FALSE
"commons-codec","Krakatau-report.csv","org/apache/commons/codec/language/Metaphone",TRUE,1621,FALSE,FALSE
"commons-codec","Krakatau-report.csv","org/apache/commons/codec/language/bm/Languages",TRUE,586,FALSE,FALSE
"commons-codec","Krakatau-report.csv","org/apache/commons/codec/language/bm/NameType",TRUE,138,FALSE,FALSE
"commons-codec","Krakatau-report.csv","org/apache/commons/codec/language/bm/PhoneticEngine",TRUE,1396,FALSE,FALSE
"commons-codec","Krakatau-report.csv","org/apache/commons/codec/language/bm/RuleType",TRUE,138,FALSE,FALSE
"commons-codec","Krakatau-report.csv","org/apache/commons/codec/language/bm/Rule",TRUE,3232,FALSE,FALSE
"commons-codec","Krakatau-report.csv","org/apache/commons/codec/language/bm/ResourceConstants",TRUE,5,TRUE,TRUE
"commons-codec","Krakatau-report.csv","org/apache/commons/codec/language/bm/Lang",TRUE,397,FALSE,FALSE
"commons-codec","Krakatau-report.csv","org/apache/commons/codec/language/bm/BeiderMorseEncoder",TRUE,43,FALSE,FALSE
"commons-codec","Krakatau-report.csv","org/apache/commons/codec/language/Caverphone1",TRUE,433,TRUE,TRUE
"commons-codec","Krakatau-report.csv","org/apache/commons/codec/language/DaitchMokotoffSoundex",TRUE,1515,FALSE,FALSE
"commons-codec","Krakatau-report.csv","org/apache/commons/codec/language/Caverphone2",TRUE,454,TRUE,TRUE
"commons-codec","Krakatau-report.csv","org/apache/commons/codec/language/RefinedSoundex",TRUE,205,FALSE,FALSE
"commons-codec","Krakatau-report.csv","org/apache/commons/codec/language/Nysiis",TRUE,730,FALSE,FALSE
"commons-codec","Krakatau-report.csv","org/apache/commons/codec/language/DoubleMetaphone",TRUE,9031,FALSE,FALSE
"commons-codec","Krakatau-report.csv","org/apache/commons/codec/language/SoundexUtils",TRUE,223,FALSE,FALSE
"commons-codec","Krakatau-report.csv","org/apache/commons/codec/language/Soundex",TRUE,410,FALSE,FALSE
"commons-codec","Krakatau-report.csv","org/apache/commons/codec/language/MatchRatingApproachEncoder",TRUE,1182,FALSE,FALSE
"commons-codec","Krakatau-report.csv","org/apache/commons/codec/language/ColognePhonetic",TRUE,1240,FALSE,FALSE
"commons-codec","Krakatau-report.csv","org/apache/commons/codec/language/Caverphone",TRUE,28,FALSE,FALSE
"commons-codec","Krakatau-report.csv","org/apache/commons/codec/StringEncoder",TRUE,3,FALSE,FALSE
"commons-codec","Krakatau-report.csv","org/apache/commons/codec/Decoder",TRUE,3,FALSE,FALSE
"commons-codec","Procyon-0.5.34-report.csv","org/apache/commons/codec/Charsets",TRUE,73,TRUE,TRUE
"commons-codec","Procyon-0.5.34-report.csv","org/apache/commons/codec/net/PercentCodec",TRUE,207,TRUE,TRUE
"commons-codec","Procyon-0.5.34-report.csv","org/apache/commons/codec/net/RFC1522Codec",TRUE,39,TRUE,TRUE
"commons-codec","Procyon-0.5.34-report.csv","org/apache/commons/codec/net/QuotedPrintableCodec",TRUE,193,TRUE,TRUE
"commons-codec","Procyon-0.5.34-report.csv","org/apache/commons/codec/net/URLCodec",TRUE,182,TRUE,TRUE
"commons-codec","Procyon-0.5.34-report.csv","org/apache/commons/codec/net/QCodec",TRUE,151,TRUE,TRUE
"commons-codec","Procyon-0.5.34-report.csv","org/apache/commons/codec/net/BCodec",TRUE,36,TRUE,TRUE
"commons-codec","Procyon-0.5.34-report.csv","org/apache/commons/codec/net/Utils",TRUE,13,TRUE,TRUE
"commons-codec","Procyon-0.5.34-report.csv","org/apache/commons/codec/digest/Crypt",TRUE,30,TRUE,TRUE
"commons-codec","Procyon-0.5.34-report.csv","org/apache/commons/codec/digest/HmacUtils",TRUE,71,TRUE,TRUE
"commons-codec","Procyon-0.5.34-report.csv","org/apache/commons/codec/digest/HmacAlgorithms",TRUE,6,TRUE,TRUE
"commons-codec","Procyon-0.5.34-report.csv","org/apache/commons/codec/digest/DigestUtils",TRUE,97,TRUE,TRUE
"commons-codec","Procyon-0.5.34-report.csv","org/apache/commons/codec/digest/UnixCrypt",TRUE,210,TRUE,TRUE
"commons-codec","Procyon-0.5.34-report.csv","org/apache/commons/codec/digest/PureJavaCrc32",TRUE,5248,TRUE,TRUE
"commons-codec","Procyon-0.5.34-report.csv","org/apache/commons/codec/digest/PureJavaCrc32C",TRUE,5402,TRUE,TRUE
"commons-codec","Procyon-0.5.34-report.csv","org/apache/commons/codec/digest/Sha2Crypt",TRUE,120,TRUE,TRUE
"commons-codec","Procyon-0.5.34-report.csv","org/apache/commons/codec/digest/MessageDigestAlgorithms",TRUE,33,TRUE,TRUE
"commons-codec","Procyon-0.5.34-report.csv","org/apache/commons/codec/digest/Md5Crypt",TRUE,65,TRUE,TRUE
"commons-codec","Procyon-0.5.34-report.csv","org/apache/commons/codec/digest/XXHash32",TRUE,322,TRUE,TRUE
"commons-codec","Procyon-0.5.34-report.csv","org/apache/commons/codec/digest/B64",TRUE,10,TRUE,TRUE
"commons-codec","Procyon-0.5.34-report.csv","org/apache/commons/codec/DecoderException",TRUE,1,TRUE,TRUE
"commons-codec","Procyon-0.5.34-report.csv","org/apache/commons/codec/binary/BaseNCodec",TRUE,228,TRUE,TRUE
"commons-codec","Procyon-0.5.34-report.csv","org/apache/commons/codec/binary/StringUtils",TRUE,2,TRUE,TRUE
"commons-codec","Procyon-0.5.34-report.csv","org/apache/commons/codec/binary/Base32InputStream",TRUE,0,TRUE,TRUE
"commons-codec","Procyon-0.5.34-report.csv","org/apache/commons/codec/binary/BaseNCodecInputStream",TRUE,173,TRUE,TRUE
"commons-codec","Procyon-0.5.34-report.csv","org/apache/commons/codec/binary/Base64OutputStream",TRUE,0,TRUE,TRUE
"commons-codec","Procyon-0.5.34-report.csv","org/apache/commons/codec/binary/Base64",TRUE,563,TRUE,TRUE
"commons-codec","Procyon-0.5.34-report.csv","org/apache/commons/codec/binary/BaseNCodecOutputStream",TRUE,120,TRUE,TRUE
"commons-codec","Procyon-0.5.34-report.csv","org/apache/commons/codec/binary/Hex",TRUE,82,TRUE,TRUE
"commons-codec","Procyon-0.5.34-report.csv","org/apache/commons/codec/binary/BinaryCodec",TRUE,85,TRUE,TRUE
"commons-codec","Procyon-0.5.34-report.csv","org/apache/commons/codec/binary/Base32",TRUE,775,TRUE,TRUE
"commons-codec","Procyon-0.5.34-report.csv","org/apache/commons/codec/binary/Base64InputStream",TRUE,0,TRUE,TRUE
"commons-codec","Procyon-0.5.34-report.csv","org/apache/commons/codec/binary/Base32OutputStream",TRUE,0,TRUE,TRUE
"commons-codec","Procyon-0.5.34-report.csv","org/apache/commons/codec/binary/CharSequenceUtils",TRUE,0,TRUE,TRUE
"commons-codec","Procyon-0.5.34-report.csv","org/apache/commons/codec/BinaryEncoder",TRUE,2,TRUE,TRUE
"commons-codec","Procyon-0.5.34-report.csv","org/apache/commons/codec/Encoder",TRUE,2,TRUE,TRUE
"commons-codec","Procyon-0.5.34-report.csv","org/apache/commons/codec/StringEncoderComparator",TRUE,5,TRUE,TRUE
"commons-codec","Procyon-0.5.34-report.csv","org/apache/commons/codec/cli/Digest",TRUE,70,TRUE,TRUE
"commons-codec","Procyon-0.5.34-report.csv","org/apache/commons/codec/StringDecoder",TRUE,2,TRUE,TRUE
"commons-codec","Procyon-0.5.34-report.csv","org/apache/commons/codec/CharEncoding",TRUE,0,TRUE,TRUE
"commons-codec","Procyon-0.5.34-report.csv","org/apache/commons/codec/BinaryDecoder",TRUE,2,TRUE,TRUE
"commons-codec","Procyon-0.5.34-report.csv","org/apache/commons/codec/EncoderException",TRUE,1,TRUE,TRUE
"commons-codec","Procyon-0.5.34-report.csv","org/apache/commons/codec/language/AbstractCaverphone",TRUE,4,TRUE,TRUE
"commons-codec","Procyon-0.5.34-report.csv","org/apache/commons/codec/language/Metaphone",TRUE,262,TRUE,TRUE
"commons-codec","Procyon-0.5.34-report.csv","org/apache/commons/codec/language/bm/Languages",TRUE,109,TRUE,TRUE
"commons-codec","Procyon-0.5.34-report.csv","org/apache/commons/codec/language/bm/NameType",TRUE,0,TRUE,TRUE
"commons-codec","Procyon-0.5.34-report.csv","org/apache/commons/codec/language/bm/PhoneticEngine",TRUE,112,TRUE,TRUE
"commons-codec","Procyon-0.5.34-report.csv","org/apache/commons/codec/language/bm/RuleType",TRUE,0,TRUE,TRUE
"commons-codec","Procyon-0.5.34-report.csv","org/apache/commons/codec/language/bm/Rule",TRUE,195,TRUE,TRUE
"commons-codec","Procyon-0.5.34-report.csv","org/apache/commons/codec/language/bm/ResourceConstants",TRUE,3,TRUE,TRUE
"commons-codec","Procyon-0.5.34-report.csv","org/apache/commons/codec/language/bm/Lang",TRUE,63,TRUE,TRUE
"commons-codec","Procyon-0.5.34-report.csv","org/apache/commons/codec/language/bm/BeiderMorseEncoder",TRUE,11,TRUE,TRUE
"commons-codec","Procyon-0.5.34-report.csv","org/apache/commons/codec/language/Caverphone1",TRUE,15,TRUE,TRUE
"commons-codec","Procyon-0.5.34-report.csv","org/apache/commons/codec/language/DaitchMokotoffSoundex",TRUE,288,TRUE,TRUE
"commons-codec","Procyon-0.5.34-report.csv","org/apache/commons/codec/language/Caverphone2",TRUE,15,TRUE,TRUE
"commons-codec","Procyon-0.5.34-report.csv","org/apache/commons/codec/language/RefinedSoundex",TRUE,59,TRUE,TRUE
"commons-codec","Procyon-0.5.34-report.csv","org/apache/commons/codec/language/Nysiis",TRUE,130,TRUE,TRUE
"commons-codec","Procyon-0.5.34-report.csv","org/apache/commons/codec/language/DoubleMetaphone",TRUE,636,TRUE,TRUE
"commons-codec","Procyon-0.5.34-report.csv","org/apache/commons/codec/language/SoundexUtils",TRUE,3,TRUE,TRUE
"commons-codec","Procyon-0.5.34-report.csv","org/apache/commons/codec/language/Soundex",TRUE,97,TRUE,TRUE
"commons-codec","Procyon-0.5.34-report.csv","org/apache/commons/codec/language/MatchRatingApproachEncoder",TRUE,260,TRUE,TRUE
"commons-codec","Procyon-0.5.34-report.csv","org/apache/commons/codec/language/ColognePhonetic",TRUE,230,TRUE,TRUE
"commons-codec","Procyon-0.5.34-report.csv","org/apache/commons/codec/language/Caverphone",TRUE,7,TRUE,TRUE
"commons-codec","Procyon-0.5.34-report.csv","org/apache/commons/codec/StringEncoder",TRUE,2,TRUE,TRUE
"commons-codec","Procyon-0.5.34-report.csv","org/apache/commons/codec/Decoder",TRUE,2,TRUE,TRUE
